fecha,temp_promedio,lluvia_total_mm,hora_inicio,hora_fin,dia_semana,es_feriado,es_dia_puente,es_fin_de_semana,es_vacaciones_invierno,es_anomalia_operativa,intensidad_lluvia,pax_colectivo,pax_subte_total,pax_subte_sin_linea_d,pax_subte_puro_bajo_tierra,autos_hacia_centro,autos_hacia_provincia,autos_total
2024-01-01,2.9,0.3,05:30:00,23:10:00,Lunes,True,False,False,False,False,2. Moderada,2880241,490508,648745,585282,163502.4,192102.6,355605.0
2024-01-02,8.4,1.9,05:30:00,23:10:00,Martes,False,False,False,False,False,1. Lluvia Leve,5423306,996172,1268362,1196704,400648.9,326189.3,726838.2
2024-01-03,11.0,3.2,05:30:00,23:10:00,Miércoles,False,False,False,False,False,1. Lluvia Leve,5628834,1055978,1331545,1276263,400566.5,296691.7,697258.2
2024-01-04,8.5,1.3,05:30:00,23:10:00,Jueves,False,False,False,False,False,1. Lluvia Leve,5506841,996403,1254209,1215033,401571.1,296422.5,697993.6
2024-01-05,6.2,0.0,05:30:00,01:00:00,Viernes,False,False,False,False,False,0. Sin Lluvia,5855454,864339,1087186,1051360,385848.6,312536.9,698385.5
2024-01-06,5.5,0.0,05:30:00,01:00:00,Sábado,False,False,True,False,False,0. Sin Lluvia,2804851,430414,567630,525336,181850.6,210280.2,392130.9
2024-01-07,10.4,62.4,05:30:00,22:00:00,Domingo,False,False,True,False,False,3. Temporal Fuerte,1911618,327243,428517,394699,123285.0,137797.9,261082.9
2024-01-08,9.4,1.8,05:30:00,23:10:00,Lunes,False,False,False,False,False,1. Lluvia Leve,5395731,997920,1258980,1208886,418633.4,314922.9,733556.4
2024-01-09,7.1,0.0,05:30:00,23:10:00,Martes,False,False,False,False,False,0. Sin Lluvia,4700467,952986,1237708,1152319,412996.2,317780.5,730776.7
2024-01-10,11.2,0.0,05:30:00,23:10:00,Miércoles,False,False,False,False,False,0. Sin Lluvia,5092879,900016,1147693,1124452,427443.3,346861.4,774304.7
2024-01-11,10.6,0.0,05:30:00,23:10:00,Jueves,False,False,False,False,False,0. Sin Lluvia,5542423,1019744,1271220,1238037,404145.4,305156.3,709301.7
2024-01-12,13.4,61.4,05:30:00,01:00:00,Viernes,False,False,False,False,True,3. Temporal Fuerte,2309307,460940,609162,551844,354303.8,244671.5,598975.3
2024-01-13,9.7,0.0,05:30:00,01:00:00,Sábado,False,False,True,False,False,0. Sin Lluvia,2822876,411986,532568,497418,193639.1,185853.7,379492.8
2024-01-14,7.5,0.0,05:30:00,22:00:00,Domingo,False,False,True,False,False,0. Sin Lluvia,3007137,417748,550691,511812,184123.5,200333.1,384456.6
2024-01-15,7.6,0.0,05:30:00,23:10:00,Lunes,False,False,False,False,False,0. Sin Lluvia,5149634,979509,1226173,1193522,395807.4,326307.2,722114.6
2024-01-16,2.2,0.0,05:30:00,23:10:00,Martes,False,False,False,False,False,0. Sin Lluvia,5469193,1094623,1367904,1335284,428916.1,300255.8,729172.0
2024-01-17,8.5,0.0,05:30:00,23:10:00,Miércoles,False,False,False,False,False,3. Temporal Fuerte,3820652,747344,957403,906497,279714.4,214776.5,494490.9
2024-01-18,8.0,0.0,05:30:00,23:10:00,Jueves,False,False,False,False,False,0. Sin Lluvia,5286426,934540,1173044,1119457,415206.2,321063.0,736269.2
2024-01-19,4.0,20.7,05:30:00,01:00:00,Viernes,False,False,False,False,False,2. Moderada,5350449,1088336,1417671,1325532,412449.0,271837.4,684286.3
2024-01-20,7.9,0.0,05:30:00,01:00:00,Sábado,False,False,True,False,False,0. Sin Lluvia,2750299,394144,505235,494311,167379.4,194190.1,361569.5
2024-01-21,12.0,13.1,05:30:00,22:00:00,Domingo,False,False,True,False,False,2. Moderada,2859649,486894,613039,592224,164414.4,173541.7,337956.1
2024-01-22,5.8,0.0,05:30:00,23:10:00,Lunes,False,False,False,False,False,0. Sin Lluvia,5189130,1041955,1360914,1295073,419091.7,328829.1,747920.8
2024-01-23,5.1,0.0,05:30:00,23:10:00,Martes,False,False,False,False,False,0. Sin Lluvia,5290753,1069178,1322416,1295433,426446.0,334499.7,760945.7
2024-01-24,11.3,4.2,05:30:00,23:10:00,Miércoles,False,False,False,False,False,1. Lluvia Leve,5127861,1056995,1301719,1292559,373723.2,277477.1,651200.3
2024-01-25,9.9,0.0,05:30:00,23:10:00,Jueves,False,False,False,False,False,3. Temporal Fuerte,4115249,708791,914378,880770,265484.1,215882.3,481366.4
2024-01-26,17.2,51.1,05:30:00,01:00:00,Viernes,False,False,False,False,False,3. Temporal Fuerte,3846114,694822,847593,847438,303274.1,232746.0,536020.2
2024-01-27,4.0,2.1,05:30:00,01:00:00,Sábado,False,False,True,False,False,1. Lluvia Leve,2896845,416094,541357,503425,168670.5,198290.2,366960.6
2024-01-28,10.2,55.9,05:30:00,22:00:00,Domingo,False,False,True,False,False,3. Temporal Fuerte,2111603,273251,345491,330555,121466.6,136878.4,258345.0
2024-01-29,8.9,0.0,05:30:00,23:10:00,Lunes,False,False,False,False,False,0. Sin Lluvia,5039153,1006703,1238248,1223169,442796.8,286692.8,729489.6
2024-01-30,8.2,37.6,05:30:00,23:10:00,Martes,False,False,False,False,False,3. Temporal Fuerte,3829930,741132,929410,888830,288686.7,230056.5,518743.2
2024-01-31,10.7,0.0,05:30:00,23:10:00,Miércoles,False,False,False,False,False,0. Sin Lluvia,5063346,1014996,1313837,1240045,412577.7,316366.1,728943.8
2024-02-01,9.3,11.0,05:30:00,23:10:00,Jueves,False,False,False,False,False,2. Moderada,5981343,1155177,1491448,1430696,374761.4,264868.4,639629.8
2024-02-02,3.5,11.9,05:30:00,01:00:00,Viernes,False,False,False,False,True,2. Moderada,3235400,653239,834162,789885,443808.8,378703.2,822512.1
2024-02-03,6.8,8.7,05:30:00,01:00:00,Sábado,False,False,True,False,False,2. Moderada,3039863,479445,598122,584309,171659.1,169735.4,341394.5
2024-02-04,13.4,0.0,05:30:00,22:00:00,Domingo,False,False,True,False,False,1. Lluvia Leve,2930155,447725,568272,533424,178672.4,192397.4,371069.9
2024-02-05,12.9,0.0,05:30:00,23:10:00,Lunes,False,False,False,False,False,0. Sin Lluvia,5297319,949581,1255559,1166251,414647.6,306778.5,721426.0
2024-02-06,8.2,7.2,05:30:00,23:10:00,Martes,False,False,False,False,False,2. Moderada,5501662,1102852,1394831,1331698,376115.8,309190.3,685306.0
2024-02-07,10.9,0.0,05:30:00,23:10:00,Miércoles,False,False,False,False,False,0. Sin Lluvia,5028981,958195,1238371,1179798,405236.1,306884.2,712120.3
2024-02-08,17.7,43.2,05:30:00,23:10:00,Jueves,False,False,False,False,False,3. Temporal Fuerte,3721525,719698,920349,907770,301031.4,214797.4,515828.8
2024-02-09,9.2,0.0,05:30:00,01:00:00,Viernes,False,False,False,False,False,2. Moderada,5753065,1086770,1384218,1292944,375735.8,266614.4,642350.2
2024-02-10,9.3,0.0,05:30:00,01:00:00,Sábado,False,False,True,False,False,0. Sin Lluvia,2793042,444847,573900,537513,180013.3,194232.5,374245.8
2024-02-11,9.9,10.2,05:30:00,22:00:00,Domingo,False,False,True,False,False,2. Moderada,3130824,462181,585219,567494,170560.3,177075.6,347635.9
2024-02-12,11.2,3.4,05:30:00,23:10:00,Lunes,True,False,False,False,False,1. Lluvia Leve,2949173,446367,579408,547495,177024.5,187221.4,364245.9
2024-02-13,8.3,16.5,05:30:00,23:10:00,Martes,True,False,False,False,False,2. Moderada,2758299,474059,600893,584949,179831.4,184708.3,364539.7
2024-02-14,11.2,2.5,05:30:00,23:10:00,Miércoles,False,False,False,False,False,2. Moderada,5692109,1118875,1481558,1405925,345224.6,251394.5,596619.1
2024-02-15,3.5,0.0,05:30:00,23:10:00,Jueves,False,False,False,False,False,0. Sin Lluvia,5689059,952127,1267903,1167839,417687.3,287651.4,705338.7
2024-02-16,10.3,2.0,05:30:00,01:00:00,Viernes,False,False,False,False,False,1. Lluvia Leve,5661249,974768,1299197,1193902,385119.6,300161.4,685281.0
2024-02-17,9.5,22.1,05:30:00,01:00:00,Sábado,False,False,True,False,False,3. Temporal Fuerte,2086533,314638,386744,387528,120528.7,141392.9,261921.6
2024-02-18,8.7,0.0,05:30:00,22:00:00,Domingo,False,False,True,False,False,0. Sin Lluvia,2691927,459472,579117,563834,176580.3,198445.5,375025.8
2024-02-19,7.9,4.1,05:30:00,23:10:00,Lunes,False,False,False,False,False,1. Lluvia Leve,5480294,1130550,1381419,1350074,400393.4,301295.2,701688.6
2024-02-20,7.5,0.0,05:30:00,23:10:00,Martes,False,False,False,False,False,0. Sin Lluvia,5375870,907024,1115579,1128324,413724.2,304906.6,718630.8
2024-02-21,6.9,0.0,05:30:00,23:10:00,Miércoles,False,False,False,False,False,0. Sin Lluvia,5168797,929249,1189915,1131475,380483.5,311011.4,691494.9
2024-02-22,2.4,3.0,05:30:00,23:10:00,Jueves,False,False,False,False,False,1. Lluvia Leve,5447040,1026415,1284203,1231815,388594.3,308540.4,697134.7
2024-02-23,8.5,4.4,05:30:00,01:00:00,Viernes,False,False,False,False,False,1. Lluvia Leve,5704171,1043258,1320781,1247165,405048.9,308459.8,713508.7
2024-02-24,12.6,0.0,05:30:00,01:00:00,Sábado,False,False,True,False,False,0. Sin Lluvia,2715987,446452,579761,537917,172871.5,193967.5,366839.0
2024-02-25,8.3,2.6,05:30:00,22:00:00,Domingo,False,False,True,False,False,1. Lluvia Leve,2774400,432311,562685,526558,165613.2,203793.5,369406.8
2024-02-26,11.2,0.0,05:30:00,23:10:00,Lunes,False,False,False,False,False,0. Sin Lluvia,5368679,940313,1190285,1120717,365423.5,313873.2,679296.8
2024-02-27,6.1,0.0,05:30:00,23:10:00,Martes,False,False,False,False,False,0. Sin Lluvia,5319976,971466,1338460,1188330,398261.7,330641.1,728902.8
2024-02-28,5.4,0.0,05:30:00,23:10:00,Miércoles,False,False,False,False,False,0. Sin Lluvia,5439808,962036,1247329,1188174,388274.8,333793.2,722068.0
2024-02-29,7.1,0.0,05:30:00,23:10:00,Jueves,False,False,False,False,False,0. Sin Lluvia,5344308,1047883,1362693,1258403,391719.8,289032.6,680752.4
2024-03-01,9.9,0.0,05:30:00,01:00:00,Viernes,False,False,False,False,False,0. Sin Lluvia,5106968,1000663,1226738,1223402,406422.1,298148.2,704570.3
2024-03-02,9.5,2.3,05:30:00,01:00:00,Sábado,False,False,True,False,False,1. Lluvia Leve,2948567,447350,606780,567349,170212.6,202903.6,373116.3
2024-03-03,14.3,15.1,05:30:00,22:00:00,Domingo,False,False,True,False,False,2. Moderada,2900554,471256,602719,582855,156738.2,169542.6,326280.8
2024-03-04,18.3,0.0,05:30:00,23:10:00,Lunes,False,False,False,False,False,0. Sin Lluvia,5174590,1107798,1349732,1351691,368523.7,333731.9,702255.6
2024-03-05,11.0,39.7,05:30:00,23:10:00,Martes,False,False,False,False,False,3. Temporal Fuerte,3892715,704352,910551,853277,292870.7,214390.7,507261.4
2024-03-06,7.9,3.0,05:30:00,23:10:00,Miércoles,False,False,False,False,False,2. Moderada,5564585,1119108,1415931,1367059,393489.4,294967.5,688456.8
2024-03-07,15.0,0.0,05:30:00,23:10:00,Jueves,False,False,False,False,False,0. Sin Lluvia,5744348,926670,1190649,1120512,404046.7,309867.8,713914.5
2024-03-08,8.7,82.2,05:30:00,01:00:00,Viernes,False,False,False,False,False,3. Temporal Fuerte,3528013,693343,910106,862090,284745.6,203004.4,487749.9
2024-03-09,9.5,40.0,05:30:00,01:00:00,Sábado,False,False,True,False,False,3. Temporal Fuerte,2010411,312094,390230,381626,126722.0,148212.6,274934.6
2024-03-10,14.5,0.0,05:30:00,22:00:00,Domingo,False,False,True,False,False,0. Sin Lluvia,2710252,467296,610322,566245,195310.5,228797.5,424107.9
2024-03-11,12.5,0.0,05:30:00,23:10:00,Lunes,False,False,False,False,False,0. Sin Lluvia,5083407,1276045,993677,1202663,380036.0,303755.0,683791.0
2024-03-12,10.9,37.9,05:30:00,23:10:00,Martes,False,False,False,False,False,3. Temporal Fuerte,3719949,915626,733115,871020,282692.2,214748.3,497440.5
2024-03-13,13.2,11.5,05:30:00,23:10:00,Miércoles,False,False,False,False,False,2. Moderada,5349504,1410373,1094536,1344828,346763.6,248888.0,595651.6
2024-03-14,11.8,0.0,05:30:00,23:10:00,Jueves,False,False,False,False,False,0. Sin Lluvia,5388701,1250280,973330,1202540,419932.1,332934.0,752866.1
2024-03-15,18.7,20.3,05:30:00,01:00:00,Viernes,False,False,False,False,False,2. Moderada,5526511,1359458,1053050,1286343,376762.6,300015.5,676778.1
2024-03-16,11.0,16.1,05:30:00,01:00:00,Sábado,False,False,True,False,False,2. Moderada,3062549,569614,442552,541520,168312.0,169088.8,337400.8
2024-03-17,10.3,11.2,05:30:00,22:00:00,Domingo,False,False,True,False,False,2. Moderada,2989965,643849,502255,618559,167910.2,166033.8,333944.0
2024-03-18,11.6,18.8,05:30:00,23:10:00,Lunes,False,False,False,False,False,2. Moderada,5495361,1392777,1079785,1316717,398390.2,259033.0,657423.2
2024-03-19,11.8,3.0,05:30:00,23:10:00,Martes,False,False,False,False,False,2. Moderada,6030073,1535646,1167326,1443518,389832.5,296287.5,686120.0
2024-03-20,14.8,0.0,05:30:00,23:10:00,Miércoles,False,False,False,False,False,0. Sin Lluvia,5426981,1310230,1018537,1263606,429798.2,323635.2,753433.4
2024-03-21,7.0,0.0,05:30:00,23:10:00,Jueves,False,False,False,False,False,0. Sin Lluvia,4843051,1301144,1022105,1234035,390708.8,297632.6,688341.4
2024-03-22,14.3,2.4,05:30:00,01:00:00,Viernes,False,False,False,False,False,1. Lluvia Leve,4965903,1279322,995796,1193599,424231.9,310258.3,734490.1
2024-03-23,11.4,47.1,05:30:00,01:00:00,Sábado,False,False,True,False,False,3. Temporal Fuerte,2143594,393200,312357,376999,122267.6,142063.2,264330.8
2024-03-24,15.3,0.0,05:30:00,22:00:00,Domingo,True,False,True,False,False,0. Sin Lluvia,2760481,545529,425640,530122,175203.3,197666.6,372869.9
2024-03-25,12.9,0.7,05:30:00,23:10:00,Lunes,False,False,False,False,False,1. Lluvia Leve,5037240,1210768,936017,1165220,405868.7,317463.7,723332.3
2024-03-26,14.6,4.4,05:30:00,23:10:00,Martes,False,False,False,False,False,1. Lluvia Leve,5619022,1323927,1066873,1288374,406524.0,284558.0,691082.0
2024-03-27,11.8,0.0,05:30:00,23:10:00,Miércoles,False,False,False,False,False,0. Sin Lluvia,5272183,1369626,1047738,1287394,390769.7,330103.8,720873.5
2024-03-28,14.3,12.6,05:30:00,23:10:00,Jueves,True,True,False,False,False,2. Moderada,3076271,602982,466885,574898,165339.1,178565.4,343904.5
2024-03-29,18.0,47.9,05:30:00,01:00:00,Viernes,True,False,False,False,False,3. Temporal Fuerte,2125451,437014,347782,408530,136355.0,153573.6,289928.6
2024-03-30,10.8,2.6,05:30:00,01:00:00,Sábado,False,False,True,False,False,1. Lluvia Leve,2752872,557076,423861,528134,162964.9,185596.3,348561.2
2024-03-31,12.7,2.6,05:30:00,22:00:00,Domingo,False,False,True,False,False,1. Lluvia Leve,2715732,568735,444122,544432,188953.4,191999.6,380953.0
2024-04-01,16.5,0.0,05:30:00,23:10:00,Lunes,False,False,False,False,False,0. Sin Lluvia,5570191,1219739,941502,1161813,408074.7,313233.5,721308.2
2024-04-02,22.8,2.8,05:30:00,23:10:00,Martes,True,False,False,False,True,1. Lluvia Leve,1643258,310287,244331,294720,194196.7,244972.9,439169.5
2024-04-03,16.7,0.0,05:30:00,23:10:00,Miércoles,False,False,False,False,False,0. Sin Lluvia,4983579,1270341,997430,1190342,384901.8,320035.6,704937.4
2024-04-04,15.8,0.0,05:30:00,23:10:00,Jueves,False,False,False,False,False,0. Sin Lluvia,5025866,1269922,994061,1185180,393263.8,292313.0,685576.8
2024-04-05,16.3,6.5,05:30:00,01:00:00,Viernes,False,False,False,False,False,1. Lluvia Leve,5846908,1375828,1068621,1301043,388301.6,302482.6,690784.2
2024-04-06,17.6,0.0,05:30:00,01:00:00,Sábado,False,False,True,False,False,0. Sin Lluvia,2877788,577506,453838,544998,180470.4,202970.3,383440.7
2024-04-07,15.6,0.0,05:30:00,22:00:00,Domingo,False,False,True,False,False,0. Sin Lluvia,2931311,571985,461929,544144,156909.8,196275.1,353184.8
2024-04-08,16.9,4.7,05:30:00,23:10:00,Lunes,False,False,False,False,False,1. Lluvia Leve,5441507,1241914,971855,1185022,404647.9,309246.0,713893.9
2024-04-09,18.5,0.0,05:30:00,23:10:00,Martes,False,False,False,False,False,0. Sin Lluvia,5116101,1291412,1000141,1220480,391530.8,291483.9,683014.7
2024-04-10,17.7,0.0,05:30:00,23:10:00,Miércoles,False,False,False,False,False,0. Sin Lluvia,5375128,1362234,1069035,1294223,442109.9,307446.3,749556.2
2024-04-11,20.5,9.2,05:30:00,23:10:00,Jueves,False,False,False,False,False,2. Moderada,5310039,1411244,1102796,1358250,375193.4,276738.0,651931.4
2024-04-12,17.0,1.6,05:30:00,01:00:00,Viernes,False,False,False,False,False,1. Lluvia Leve,5164282,1410892,1086131,1353692,419939.8,298317.4,718257.2
2024-04-13,17.4,0.0,05:30:00,01:00:00,Sábado,False,False,True,False,False,0. Sin Lluvia,2906492,614534,478585,572093,191601.6,216286.0,407887.6
2024-04-14,18.8,43.7,05:30:00,22:00:00,Domingo,False,False,True,False,False,3. Temporal Fuerte,1949554,413866,311522,387184,133960.0,151549.6,285509.6
2024-04-15,24.7,0.0,05:30:00,23:10:00,Lunes,False,False,False,False,False,0. Sin Lluvia,5205208,1236854,956254,1162757,401826.8,332536.7,734363.5
2024-04-16,15.6,13.2,05:30:00,23:10:00,Martes,False,False,False,False,False,2. Moderada,5632409,1340067,1024064,1276057,369467.4,281035.5,650502.9
2024-04-17,23.8,2.2,05:30:00,23:10:00,Miércoles,False,False,False,False,False,1. Lluvia Leve,5288847,1212035,946070,1156092,396684.6,317110.6,713795.2
2024-04-18,14.4,37.3,05:30:00,23:10:00,Jueves,False,False,False,False,False,3. Temporal Fuerte,3530808,911973,724232,886625,298758.7,220156.2,518914.9
2024-04-19,18.7,15.3,05:30:00,01:00:00,Viernes,False,False,False,False,False,2. Moderada,5523765,1493038,1203764,1394930,370861.3,288411.0,659272.3
2024-04-20,17.0,8.7,05:30:00,01:00:00,Sábado,False,False,True,False,False,2. Moderada,2950650,544541,429986,526625,166100.8,184945.4,351046.2
2024-04-21,15.6,15.8,05:30:00,22:00:00,Domingo,False,False,True,False,False,2. Moderada,3071295,579969,463827,554407,169396.8,202003.7,371400.6
2024-04-22,20.1,0.0,05:30:00,23:10:00,Lunes,False,False,False,False,False,0. Sin Lluvia,5271062,1250303,1014322,1160764,395053.2,334219.1,729272.3
2024-04-23,19.8,0.0,05:30:00,23:10:00,Martes,False,False,False,False,False,0. Sin Lluvia,5327642,1202440,950102,1166597,393777.4,324532.3,718309.7
2024-04-24,16.6,7.3,05:30:00,23:10:00,Miércoles,False,False,False,False,False,2. Moderada,5515345,1360594,1060031,1273882,377721.5,285421.0,663142.5
2024-04-25,11.7,0.0,05:30:00,23:10:00,Jueves,False,False,False,False,False,0. Sin Lluvia,5358916,1216933,938544,1155939,413341.0,313549.1,726890.1
2024-04-26,16.7,10.5,05:30:00,01:00:00,Viernes,False,False,False,False,False,2. Moderada,5316670,1392507,1066290,1308541,389057.4,295557.2,684614.6
2024-04-27,18.4,0.0,05:30:00,01:00:00,Sábado,False,False,True,False,False,0. Sin Lluvia,2620910,542567,411293,499449,187836.1,196657.0,384493.1
2024-04-28,18.0,0.5,05:30:00,22:00:00,Domingo,False,False,True,False,False,1. Lluvia Leve,2639926,552160,428748,522755,166605.5,205071.5,371677.0
2024-04-29,20.3,0.0,05:30:00,23:10:00,Lunes,False,False,False,False,False,0. Sin Lluvia,5145991,1309779,1069085,1274676,397199.6,298613.1,695812.7
2024-04-30,23.8,0.0,05:30:00,23:10:00,Martes,False,False,False,False,False,0. Sin Lluvia,5093056,1301805,1038667,1269170,393947.1,319191.0,713138.2
2024-05-01,24.2,2.9,05:30:00,23:10:00,Miércoles,True,False,False,False,False,1. Lluvia Leve,3004643,531082,412145,515071,188789.7,173498.2,362288.0
2024-05-02,24.7,4.9,05:30:00,23:10:00,Jueves,False,False,False,False,False,1. Lluvia Leve,5269344,1140125,907123,1068206,399272.3,295353.7,694626.0
2024-05-03,23.4,2.0,05:30:00,01:00:00,Viernes,False,False,False,False,False,1. Lluvia Leve,5469307,1387322,1099319,1293602,402044.6,335293.6,737338.2
2024-05-04,26.5,0.0,05:30:00,01:00:00,Sábado,False,False,True,False,False,0. Sin Lluvia,2920555,524043,414943,498897,182359.8,212505.9,394865.7
2024-05-05,24.6,0.0,05:30:00,22:00:00,Domingo,False,False,True,False,False,0. Sin Lluvia,2751110,551197,420443,538446,175342.1,217567.2,392909.3
2024-05-06,25.2,16.6,05:30:00,23:10:00,Lunes,False,False,False,False,False,2. Moderada,5741808,1275417,1037704,1227226,410914.0,278539.2,689453.2
2024-05-07,28.4,0.0,05:30:00,23:10:00,Martes,False,False,False,False,False,0. Sin Lluvia,5464856,1267957,964768,1190796,422793.7,314861.2,737654.9
2024-05-08,23.7,3.5,05:30:00,23:10:00,Miércoles,False,False,False,False,False,1. Lluvia Leve,5144293,1479333,1172959,1393113,402679.6,323341.1,726020.6
2024-05-09,22.2,1.3,05:30:00,23:10:00,Jueves,False,False,False,False,False,1. Lluvia Leve,5418169,1308924,1086316,1290206,379705.7,313507.7,693213.4
2024-05-10,24.3,16.5,05:30:00,01:00:00,Viernes,False,False,False,False,False,2. Moderada,5521157,1381609,1125365,1320300,359082.2,295577.0,654659.1
2024-05-11,26.4,4.5,05:30:00,01:00:00,Sábado,False,False,True,False,False,1. Lluvia Leve,2778104,564460,435025,539464,173754.1,212075.8,385829.9
2024-05-12,24.5,7.8,05:30:00,22:00:00,Domingo,False,False,True,False,False,2. Moderada,2868943,637590,481347,602674,161537.8,176320.2,337858.1
2024-05-13,26.2,37.3,05:30:00,23:10:00,Lunes,False,False,False,False,False,3. Temporal Fuerte,3654732,974849,781974,927302,274652.1,217351.3,492003.4
2024-05-14,21.0,0.0,05:30:00,23:10:00,Martes,False,False,False,False,False,0. Sin Lluvia,5269895,1334388,1038139,1274304,406827.2,285926.5,692753.7
2024-05-15,20.4,0.0,05:30:00,23:10:00,Miércoles,False,False,False,False,False,0. Sin Lluvia,4918925,1209280,945303,1165186,410063.3,296277.2,706340.5
2024-05-16,21.4,0.0,05:30:00,23:10:00,Jueves,False,False,False,False,False,0. Sin Lluvia,5142294,1279700,1015123,1231679,417522.1,330301.2,747823.3
2024-05-17,19.2,0.0,05:30:00,01:00:00,Viernes,False,False,False,False,False,0. Sin Lluvia,5429602,1243199,956111,1170068,404170.0,299111.7,703281.7
2024-05-18,23.3,4.8,05:30:00,01:00:00,Sábado,False,False,True,False,False,1. Lluvia Leve,2969097,540474,433352,519914,167684.3,203415.9,371100.2
2024-05-19,21.7,29.8,05:30:00,22:00:00,Domingo,False,False,True,False,False,3. Temporal Fuerte,2023482,412180,325194,398076,121240.1,153341.5,274581.6
2024-05-20,26.7,0.0,05:30:00,23:10:00,Lunes,False,False,False,False,False,0. Sin Lluvia,5615335,1208467,954321,1152672,439869.9,310777.3,750647.2
2024-05-21,19.1,0.0,05:30:00,23:10:00,Martes,False,False,False,False,False,0. Sin Lluvia,5658578,1342532,1025500,1269602,388793.1,321743.9,710537.0
2024-05-22,27.7,0.0,05:30:00,23:10:00,Miércoles,False,False,False,False,False,0. Sin Lluvia,5266187,1204174,970760,1140973,422317.3,325273.9,747591.2
2024-05-23,20.1,19.0,05:30:00,23:10:00,Jueves,False,False,False,False,False,2. Moderada,5120956,1412505,1120245,1350225,391547.2,270928.8,662476.0
2024-05-24,19.3,1.4,05:30:00,01:00:00,Viernes,False,False,False,False,False,1. Lluvia Leve,5611552,1282502,1007908,1212865,399966.9,294880.9,694847.8
2024-05-25,20.5,0.0,05:30:00,01:00:00,Sábado,True,False,True,False,False,0. Sin Lluvia,2573383,569059,430288,533077,198245.3,192227.3,390472.6
2024-05-26,28.9,46.3,05:30:00,22:00:00,Domingo,False,False,True,False,False,3. Temporal Fuerte,2190666,374015,304908,356129,130710.8,137877.9,268588.6
2024-05-27,22.9,15.5,05:30:00,23:10:00,Lunes,False,False,False,False,False,2. Moderada,5930211,1308886,1016946,1244014,416934.5,298981.0,715915.5
2024-05-28,24.6,0.0,05:30:00,23:10:00,Martes,False,False,False,False,False,0. Sin Lluvia,5636780,1315402,1025448,1237790,401478.2,304433.2,705911.4
2024-05-29,22.4,1.8,05:30:00,23:10:00,Miércoles,False,False,False,False,False,1. Lluvia Leve,5478035,1298924,1007787,1230962,389810.1,303847.5,693657.6
2024-05-30,22.7,0.9,05:30:00,23:10:00,Jueves,False,False,False,False,False,2. Moderada,5603056,1396610,1106994,1333485,391922.4,273667.4,665589.8
2024-05-31,21.5,0.0,05:30:00,01:00:00,Viernes,False,False,False,False,False,0. Sin Lluvia,5169754,1224433,971675,1166691,409661.9,333092.9,742754.8
2024-06-01,26.8,0.0,05:30:00,01:00:00,Sábado,False,False,True,False,False,0. Sin Lluvia,2773035,519061,382649,495790,197609.3,196979.4,394588.7
2024-06-02,28.1,0.0,05:30:00,22:00:00,Domingo,False,False,True,False,False,0. Sin Lluvia,2946472,551639,430828,514514,185377.5,217936.4,403313.9
2024-06-03,31.7,0.0,05:30:00,23:10:00,Lunes,False,False,False,False,False,0. Sin Lluvia,5415847,1220083,989475,1185538,393504.8,314880.2,708385.0
2024-06-04,21.0,15.8,05:30:00,23:10:00,Martes,False,False,False,False,False,2. Moderada,5714898,1355602,1066766,1280116,348831.8,268513.9,617345.7
2024-06-05,31.5,45.2,05:30:00,23:10:00,Miércoles,False,False,False,False,False,3. Temporal Fuerte,3733610,877306,677946,821412,289542.8,217902.9,507445.7
2024-06-06,28.2,0.0,05:30:00,23:10:00,Jueves,False,False,False,False,False,0. Sin Lluvia,5821035,1251029,978864,1176552,413440.1,297314.7,710754.7
2024-06-07,25.6,0.0,05:30:00,01:00:00,Viernes,False,False,False,False,True,0. Sin Lluvia,3275860,733873,591325,704744,527300.1,404099.1,931399.3
2024-06-08,25.0,0.0,05:30:00,01:00:00,Sábado,False,False,True,False,False,0. Sin Lluvia,2655310,546008,432433,527134,193390.9,199965.9,393356.9
2024-06-09,29.8,0.0,05:30:00,22:00:00,Domingo,False,False,True,False,False,0. Sin Lluvia,2778241,527843,408534,499748,192206.9,204283.7,396490.6
2024-06-10,27.3,12.9,05:30:00,23:10:00,Lunes,False,False,False,False,False,2. Moderada,5902400,1333454,1056606,1282371,371128.9,283637.3,654766.2
2024-06-11,22.1,0.0,05:30:00,23:10:00,Martes,False,False,False,False,False,0. Sin Lluvia,5100720,1323223,1025246,1251285,388582.7,305405.3,693988.0
2024-06-12,27.7,0.0,05:30:00,23:10:00,Miércoles,False,False,False,False,False,0. Sin Lluvia,5343767,1242998,993391,1197153,389854.4,298859.8,688714.3
2024-06-13,30.1,0.0,05:30:00,23:10:00,Jueves,False,False,False,False,False,0. Sin Lluvia,5470525,1132170,858098,1052105,400218.5,327314.8,727533.3
2024-06-14,29.2,2.5,05:30:00,01:00:00,Viernes,False,False,False,False,False,1. Lluvia Leve,4692854,1258242,977571,1215610,395702.1,302139.3,697841.4
2024-06-15,24.8,0.0,05:30:00,01:00:00,Sábado,False,False,True,False,False,0. Sin Lluvia,2825937,536737,423105,495233,185238.9,199538.9,384777.8
2024-06-16,22.6,17.6,05:30:00,22:00:00,Domingo,False,False,True,False,False,2. Moderada,3057072,672437,543781,650424,161150.0,184677.0,345827.0
2024-06-17,25.7,0.0,05:30:00,23:10:00,Lunes,True,False,False,False,False,0. Sin Lluvia,2791874,612801,455462,573872,185043.9,195879.3,380923.1
2024-06-18,36.4,4.0,05:30:00,23:10:00,Martes,False,False,False,False,False,2. Moderada,5762723,1337605,1013773,1271264,389362.4,284660.0,674022.4
2024-06-19,22.0,0.0,05:30:00,23:10:00,Miércoles,False,False,False,False,False,1. Lluvia Leve,5573673,1335670,1044555,1293841,406147.1,308036.4,714183.5
2024-06-20,24.1,0.0,05:30:00,23:10:00,Jueves,True,False,False,False,False,0. Sin Lluvia,2855487,570275,451263,543070,172229.5,192324.2,364553.7
2024-06-21,27.8,0.0,05:30:00,01:00:00,Viernes,False,True,False,False,False,0. Sin Lluvia,2797123,542479,408913,520407,186814.6,193808.1,380622.8
2024-06-22,26.3,43.7,05:30:00,01:00:00,Sábado,False,False,True,False,False,3. Temporal Fuerte,2125523,425613,330813,402693,141090.1,151775.9,292865.9
2024-06-23,26.1,46.0,05:30:00,22:00:00,Domingo,False,False,True,False,False,3. Temporal Fuerte,2077300,396238,308336,380544,129373.3,139426.6,268799.9
2024-06-24,32.7,0.0,05:30:00,23:10:00,Lunes,False,False,False,False,False,0. Sin Lluvia,5226119,1229360,967970,1141733,354488.5,305786.7,660275.2
2024-06-25,24.1,0.0,05:30:00,23:10:00,Martes,False,False,False,False,False,0. Sin Lluvia,4998319,1335351,997411,1252635,441737.0,293353.1,735090.0
2024-06-26,26.6,7.1,05:30:00,23:10:00,Miércoles,False,False,False,False,False,3. Temporal Fuerte,3610499,933455,729210,903917,280944.1,229521.0,510465.2
2024-06-27,27.3,3.1,05:30:00,23:10:00,Jueves,False,False,False,False,False,1. Lluvia Leve,5144984,1301901,990364,1205958,449231.2,288991.2,738222.4
2024-06-28,24.2,0.0,05:30:00,01:00:00,Viernes,False,False,False,False,False,0. Sin Lluvia,5335248,1192381,956687,1133668,418452.6,314320.3,732772.9
2024-06-29,22.3,35.9,05:30:00,01:00:00,Sábado,False,False,True,False,False,3. Temporal Fuerte,2067679,454048,354499,427146,117093.5,129937.0,247030.5
2024-06-30,27.5,0.0,05:30:00,22:00:00,Domingo,False,False,True,False,False,0. Sin Lluvia,2673397,543998,419187,514995,163819.1,211278.8,375097.9
2024-07-01,33.4,0.6,05:30:00,23:10:00,Lunes,False,False,False,False,False,1. Lluvia Leve,5576571,1219677,963789,1160084,434724.9,323156.9,757881.8
2024-07-02,29.2,0.0,05:30:00,23:10:00,Martes,False,False,False,False,False,0. Sin Lluvia,5568370,1196719,926936,1144519,439178.9,322285.8,761464.7
2024-07-03,28.3,0.0,05:30:00,23:10:00,Miércoles,False,False,False,False,False,0. Sin Lluvia,5152272,1197873,952107,1126370,462524.1,290544.1,753068.1
2024-07-04,28.2,0.0,05:30:00,23:10:00,Jueves,False,False,False,False,False,0. Sin Lluvia,4911438,1226318,950372,1164197,416461.6,327912.2,744373.8
2024-07-05,27.2,17.6,05:30:00,01:00:00,Viernes,False,False,False,False,False,2. Moderada,5540122,1360371,1090776,1286984,381884.1,277581.7,659465.7
2024-07-06,31.6,0.0,05:30:00,01:00:00,Sábado,False,False,True,False,False,0. Sin Lluvia,2940206,487829,385371,468972,179269.2,191184.3,370453.4
2024-07-07,26.5,0.0,05:30:00,22:00:00,Domingo,False,False,True,False,False,0. Sin Lluvia,2905650,520684,433557,496599,176765.2,199196.5,375961.8
2024-07-08,23.9,0.0,05:30:00,23:10:00,Lunes,False,False,False,False,False,0. Sin Lluvia,5085932,1235484,960451,1171983,408199.3,308466.3,716665.6
2024-07-09,23.3,0.0,05:30:00,23:10:00,Martes,True,False,False,False,False,1. Lluvia Leve,3107261,553116,434867,529085,179254.7,192054.1,371308.8
2024-07-10,28.2,36.4,05:30:00,23:10:00,Miércoles,False,False,False,False,True,3. Temporal Fuerte,2438117,529409,404238,495738,349006.8,293053.6,642060.4
2024-07-11,31.2,0.0,05:30:00,23:10:00,Jueves,False,False,False,False,False,0. Sin Lluvia,5127189,1268705,981330,1206069,381709.7,346567.5,728277.1
2024-07-12,28.7,1.2,05:30:00,01:00:00,Viernes,False,False,False,False,False,1. Lluvia Leve,5279194,1202644,889118,1133902,407238.3,284558.5,691796.8
2024-07-13,27.0,56.4,05:30:00,01:00:00,Sábado,False,False,True,False,False,3. Temporal Fuerte,2027350,416845,323694,396121,122465.1,137333.6,259798.7
2024-07-14,29.4,2.7,05:30:00,22:00:00,Domingo,False,False,True,False,False,1. Lluvia Leve,2870759,550158,432547,510214,148664.8,198516.2,347181.0
2024-07-15,28.6,0.0,05:30:00,23:10:00,Lunes,False,False,False,True,False,0. Sin Lluvia,4113500,850214,682374,810569,428115.0,308871.8,736986.9
2024-07-16,30.5,0.0,05:30:00,23:10:00,Martes,False,False,False,True,False,0. Sin Lluvia,4030574,891239,670647,836101,393555.6,321310.4,714866.0
2024-07-17,32.0,0.0,05:30:00,23:10:00,Miércoles,False,False,False,True,False,0. Sin Lluvia,4102519,903720,698438,860704,430459.8,329473.8,759933.6
2024-07-18,25.1,0.0,05:30:00,23:10:00,Jueves,False,False,False,True,False,0. Sin Lluvia,4070584,1002952,738367,942059,429995.8,326875.6,756871.3
2024-07-19,21.0,0.0,05:30:00,01:00:00,Viernes,False,False,False,True,False,0. Sin Lluvia,4235973,1013101,795836,952877,422648.9,324702.1,747351.0
2024-07-20,26.9,10.4,05:30:00,01:00:00,Sábado,False,False,True,True,False,2. Moderada,2207773,504221,388785,488553,189351.0,202555.6,391906.6
2024-07-21,24.9,0.0,05:30:00,22:00:00,Domingo,False,False,True,True,False,0. Sin Lluvia,2167346,423298,336211,408937,181725.4,187167.3,368892.7
2024-07-22,30.5,0.0,05:30:00,23:10:00,Lunes,False,False,False,True,False,0. Sin Lluvia,3620297,993690,766293,929709,410887.5,338496.8,749384.3
2024-07-23,25.8,5.5,05:30:00,23:10:00,Martes,False,False,False,True,False,1. Lluvia Leve,3869197,954150,765345,895019,418191.1,299428.4,717619.5
2024-07-24,22.4,0.0,05:30:00,23:10:00,Miércoles,False,False,False,True,False,0. Sin Lluvia,3953838,1035409,822723,995645,415752.4,327597.8,743350.2
2024-07-25,26.3,14.2,05:30:00,23:10:00,Jueves,False,False,False,True,False,2. Moderada,4354968,1054788,815418,958877,405844.1,275097.2,680941.3
2024-07-26,23.5,2.2,05:30:00,01:00:00,Viernes,False,False,False,True,False,1. Lluvia Leve,4068706,983710,770867,921991,378806.9,291924.4,670731.3
2024-07-27,32.8,0.0,05:30:00,01:00:00,Sábado,False,False,True,False,False,0. Sin Lluvia,2783257,520591,414325,497381,171615.0,210153.5,381768.6
2024-07-28,29.4,15.1,05:30:00,22:00:00,Domingo,False,False,True,False,False,2. Moderada,3028033,573790,439414,533328,174894.5,169111.6,344006.2
2024-07-29,29.9,3.5,05:30:00,23:10:00,Lunes,False,False,False,False,False,1. Lluvia Leve,5746899,1227972,999438,1180766,381002.4,321023.2,702025.6
2024-07-30,29.6,5.1,05:30:00,23:10:00,Martes,False,False,False,False,False,1. Lluvia Leve,5365184,1195854,894556,1120666,416919.1,325187.0,742106.0
2024-07-31,30.5,0.0,05:30:00,23:10:00,Miércoles,False,False,False,False,False,0. Sin Lluvia,5660790,1215586,977311,1190972,424861.3,318205.3,743066.7
2024-08-01,30.1,0.0,05:30:00,23:10:00,Jueves,False,False,False,False,False,0. Sin Lluvia,5459083,1143164,881572,1112727,402691.6,317662.9,720354.4
2024-08-02,25.0,24.9,05:30:00,01:00:00,Viernes,False,False,False,False,False,2. Moderada,5819369,1450624,1116032,1380912,390881.2,278119.7,669000.9
2024-08-03,22.4,0.0,05:30:00,01:00:00,Sábado,False,False,True,False,False,0. Sin Lluvia,2713434,592441,475281,583747,171873.1,210397.9,382271.1
2024-08-04,24.1,0.0,05:30:00,22:00:00,Domingo,False,False,True,False,False,0. Sin Lluvia,2956316,546272,433635,524140,174036.8,207089.1,381125.8
2024-08-05,26.5,0.0,05:30:00,23:10:00,Lunes,False,False,False,False,False,0. Sin Lluvia,5188209,1310554,1044321,1266345,412363.5,300991.0,713354.5
2024-08-06,19.0,22.1,05:30:00,23:10:00,Martes,False,False,False,False,False,2. Moderada,5443500,1440812,1091127,1384078,385473.8,284627.6,670101.5
2024-08-07,30.1,0.0,05:30:00,23:10:00,Miércoles,False,False,False,False,False,0. Sin Lluvia,5402192,1324298,1056815,1253143,411043.4,313065.8,724109.2
2024-08-08,21.0,69.2,05:30:00,23:10:00,Jueves,False,False,False,False,False,3. Temporal Fuerte,3650084,937265,712609,870121,298517.2,216584.9,515102.1
2024-08-09,28.5,4.7,05:30:00,01:00:00,Viernes,False,False,False,False,False,1. Lluvia Leve,5287020,1292680,982999,1225494,412788.9,285298.4,698087.4
2024-08-10,26.2,26.2,05:30:00,01:00:00,Sábado,False,False,True,False,False,2. Moderada,3077932,573721,447077,535120,181515.8,193905.7,375421.5
2024-08-11,27.5,30.4,05:30:00,22:00:00,Domingo,False,False,True,False,False,3. Temporal Fuerte,2266167,412134,317692,387617,127698.1,140830.2,268528.3
2024-08-12,25.2,9.9,05:30:00,23:10:00,Lunes,False,False,False,False,False,2. Moderada,5562246,1451954,1118398,1357838,407088.9,290673.9,697762.8
2024-08-13,27.3,1.5,05:30:00,23:10:00,Martes,False,False,False,False,False,3. Temporal Fuerte,3795338,1022570,762291,975776,305764.3,214622.8,520387.1
2024-08-14,25.2,0.0,05:30:00,23:10:00,Miércoles,False,False,False,False,False,0. Sin Lluvia,5451749,1193104,937538,1137121,465516.0,323261.9,788777.9
2024-08-15,25.0,3.3,05:30:00,23:10:00,Jueves,False,False,False,False,False,1. Lluvia Leve,5185688,1384662,1078194,1315801,402542.4,309353.5,711895.8
2024-08-16,24.0,0.0,05:30:00,01:00:00,Viernes,False,False,False,False,False,0. Sin Lluvia,5391276,1266652,980035,1197405,408904.4,334959.7,743864.2
2024-08-17,31.2,0.0,05:30:00,01:00:00,Sábado,True,False,True,False,False,0. Sin Lluvia,2990307,490402,359977,457213,194920.2,208660.8,403581.1
2024-08-18,27.8,0.0,05:30:00,22:00:00,Domingo,False,False,True,False,False,1. Lluvia Leve,2902423,594756,456770,563444,181329.1,195664.2,376993.3
2024-08-19,27.3,4.9,05:30:00,23:10:00,Lunes,False,False,False,False,False,1. Lluvia Leve,5681708,1448675,1120714,1390209,431220.5,295076.4,726296.9
2024-08-20,24.0,0.0,05:30:00,23:10:00,Martes,False,False,False,False,False,0. Sin Lluvia,5360934,1204054,931041,1166642,432792.7,329589.4,762382.1
2024-08-21,26.0,8.7,05:30:00,23:10:00,Miércoles,False,False,False,False,False,1. Lluvia Leve,5299032,1312244,989996,1257152,362621.0,302128.7,664749.7
2024-08-22,23.7,34.8,05:30:00,23:10:00,Jueves,False,False,False,False,True,3. Temporal Fuerte,2303037,548858,438687,522134,372529.9,274093.2,646623.1
2024-08-23,25.2,1.0,05:30:00,01:00:00,Viernes,False,False,False,False,False,1. Lluvia Leve,5376521,1279478,996472,1253721,411689.7,303872.5,715562.2
2024-08-24,23.0,9.5,05:30:00,01:00:00,Sábado,False,False,True,False,False,2. Moderada,3071851,671040,513210,623642,169935.7,183802.6,353738.3
2024-08-25,31.4,3.5,05:30:00,22:00:00,Domingo,False,False,True,False,False,2. Moderada,3101738,564818,420074,540917,167709.5,186134.8,353844.3
2024-08-26,24.4,46.7,05:30:00,23:10:00,Lunes,False,False,False,False,False,3. Temporal Fuerte,3961315,1025944,823250,979148,269320.0,242553.1,511873.1
2024-08-27,24.0,1.7,05:30:00,23:10:00,Martes,False,False,False,False,False,1. Lluvia Leve,5572330,1386316,1081070,1348333,423236.8,290543.4,713780.3
2024-08-28,22.7,18.8,05:30:00,23:10:00,Miércoles,False,False,False,False,False,2. Moderada,5169746,1386646,1075935,1292986,391829.0,278981.9,670810.9
2024-08-29,24.3,33.1,05:30:00,23:10:00,Jueves,False,False,False,False,False,3. Temporal Fuerte,3856124,927815,743290,877124,308811.3,236615.8,545427.1
2024-08-30,25.2,62.9,05:30:00,01:00:00,Viernes,False,False,False,False,False,3. Temporal Fuerte,3637755,919241,702748,867832,270188.2,217168.7,487356.9
2024-08-31,26.5,0.0,05:30:00,01:00:00,Sábado,False,False,True,False,False,0. Sin Lluvia,2824425,538925,425239,510050,188250.4,199398.3,387648.7
2024-09-01,21.1,0.0,05:30:00,22:00:00,Domingo,False,False,True,False,False,0. Sin Lluvia,2842011,567240,426972,548481,181455.6,214567.1,396022.7
2024-09-02,18.2,0.0,05:30:00,23:10:00,Lunes,False,False,False,False,True,0. Sin Lluvia,3307104,755758,602760,729887,526579.0,367232.7,893811.7
2024-09-03,18.5,0.0,05:30:00,23:10:00,Martes,False,False,False,False,False,0. Sin Lluvia,5298749,1254438,994002,1171958,413622.6,329257.9,742880.5
2024-09-04,25.0,8.4,05:30:00,23:10:00,Miércoles,False,False,False,False,False,1. Lluvia Leve,5521396,1221325,943389,1167335,416802.9,307504.4,724307.3
2024-09-05,22.6,9.5,05:30:00,23:10:00,Jueves,False,False,False,False,False,2. Moderada,5912258,1413647,1124791,1343986,381754.3,297776.6,679530.9
2024-09-06,24.9,12.5,05:30:00,01:00:00,Viernes,False,False,False,False,False,2. Moderada,6012382,1376850,1107955,1324403,364674.5,297527.4,662201.9
2024-09-07,25.3,0.0,05:30:00,01:00:00,Sábado,False,False,True,False,False,0. Sin Lluvia,2843474,548852,431330,528904,184492.4,197700.7,382193.2
2024-09-08,23.5,10.2,05:30:00,22:00:00,Domingo,False,False,True,False,False,3. Temporal Fuerte,2094027,429401,331139,404496,127222.3,150398.3,277620.6
2024-09-09,19.3,5.1,05:30:00,23:10:00,Lunes,False,False,False,False,False,1. Lluvia Leve,5469127,1162092,889265,1107853,404244.7,298485.6,702730.2
2024-09-10,23.6,14.6,05:30:00,23:10:00,Martes,False,False,False,False,False,2. Moderada,5608358,1287648,1000565,1233632,323671.4,297082.0,620753.4
2024-09-11,27.2,22.0,05:30:00,23:10:00,Miércoles,False,False,False,False,False,3. Temporal Fuerte,3756028,1054625,818661,997693,302991.9,235239.9,538231.9
2024-09-12,21.7,0.0,05:30:00,23:10:00,Jueves,False,False,False,False,False,1. Lluvia Leve,4971326,1301465,990884,1228753,399647.1,328168.6,727815.8
2024-09-13,24.0,0.0,05:30:00,01:00:00,Viernes,False,False,False,False,False,0. Sin Lluvia,5080756,1128232,891072,1058801,390408.2,312295.2,702703.3
2024-09-14,23.0,0.0,05:30:00,01:00:00,Sábado,False,False,True,False,False,2. Moderada,2868189,574015,439873,541382,176898.2,192237.5,369135.7
2024-09-15,27.1,0.0,05:30:00,22:00:00,Domingo,False,False,True,False,False,0. Sin Lluvia,3002939,622377,495066,606075,189665.7,200570.0,390235.7
2024-09-16,21.0,0.0,05:30:00,23:10:00,Lunes,False,False,False,False,False,0. Sin Lluvia,5350721,1218713,961490,1160957,411875.0,356234.2,768109.2
2024-09-17,26.5,9.1,05:30:00,23:10:00,Martes,False,False,False,False,False,2. Moderada,5707118,1479349,1193623,1417912,363066.4,302657.0,665723.4
2024-09-18,21.9,0.0,05:30:00,23:10:00,Miércoles,False,False,False,False,False,0. Sin Lluvia,5159112,1304645,991864,1218515,422523.3,317981.0,740504.3
2024-09-19,20.9,22.0,05:30:00,23:10:00,Jueves,False,False,False,False,False,2. Moderada,5743770,1367168,1077178,1303425,387694.5,295894.7,683589.2
2024-09-20,23.3,0.0,05:30:00,01:00:00,Viernes,False,False,False,False,False,0. Sin Lluvia,5132213,1320318,1051067,1265397,438221.2,323147.6,761368.8
2024-09-21,24.0,42.2,05:30:00,01:00:00,Sábado,False,False,True,False,False,3. Temporal Fuerte,2102888,364994,298168,348035,125877.8,146161.4,272039.2
2024-09-22,28.7,0.0,05:30:00,22:00:00,Domingo,False,False,True,False,False,0. Sin Lluvia,2889108,481796,374368,461615,194909.1,201903.9,396813.0
2024-09-23,24.0,25.3,05:30:00,23:10:00,Lunes,False,False,False,False,False,3. Temporal Fuerte,3745340,922892,719835,908011,285352.6,217372.3,502724.8
2024-09-24,23.6,11.1,05:30:00,23:10:00,Martes,False,False,False,False,False,2. Moderada,5537117,1297674,1000731,1225897,359538.3,289245.8,648784.1
2024-09-25,27.8,0.0,05:30:00,23:10:00,Miércoles,False,False,False,False,False,0. Sin Lluvia,5519088,1241924,1010814,1177735,395308.1,298774.2,694082.3
2024-09-26,24.8,2.2,05:30:00,23:10:00,Jueves,False,False,False,False,False,1. Lluvia Leve,5462844,1379903,1110582,1330972,405224.5,318386.4,723610.9
2024-09-27,21.1,67.0,05:30:00,01:00:00,Viernes,False,False,False,False,True,3. Temporal Fuerte,2255411,588618,451069,551501,365510.1,266155.1,631665.2
2024-09-28,27.1,0.0,05:30:00,01:00:00,Sábado,False,False,True,False,False,0. Sin Lluvia,2819946,606122,485801,573594,187025.8,193619.2,380645.0
2024-09-29,20.8,0.0,05:30:00,22:00:00,Domingo,False,False,True,False,False,0. Sin Lluvia,2746880,564332,441973,526585,183192.6,204324.5,387517.0
2024-09-30,21.1,0.0,05:30:00,23:10:00,Lunes,False,False,False,False,False,0. Sin Lluvia,5302392,1329170,1061505,1282020,439684.3,314893.7,754578.0
2024-10-01,15.5,3.0,05:30:00,23:10:00,Martes,False,False,False,False,False,1. Lluvia Leve,5658801,1343338,1033724,1249179,401347.6,311309.7,712657.4
2024-10-02,15.2,7.7,05:30:00,23:10:00,Miércoles,False,False,False,False,False,2. Moderada,5736581,1387233,1072841,1300368,347225.0,283360.6,630585.5
2024-10-03,19.0,0.8,05:30:00,23:10:00,Jueves,False,False,False,False,False,1. Lluvia Leve,5995373,1396578,1120269,1356115,404259.2,301485.6,705744.8
2024-10-04,17.2,0.0,05:30:00,01:00:00,Viernes,False,False,False,False,False,0. Sin Lluvia,5408027,1234260,953654,1198149,377258.9,328029.9,705288.8
2024-10-05,7.6,0.0,05:30:00,01:00:00,Sábado,False,False,True,False,False,0. Sin Lluvia,2890321,570798,456099,546599,186611.2,211026.3,397637.5
2024-10-06,17.2,5.6,05:30:00,22:00:00,Domingo,False,False,True,False,False,1. Lluvia Leve,2842950,611556,480724,576581,188044.8,204298.2,392343.0
2024-10-07,16.4,0.0,05:30:00,23:10:00,Lunes,False,False,False,False,False,0. Sin Lluvia,5268914,1358458,1060769,1246831,398752.7,317672.9,716425.6
2024-10-08,20.7,0.0,05:30:00,23:10:00,Martes,False,False,False,False,False,0. Sin Lluvia,5154321,1198517,945407,1145516,449221.4,319838.5,769059.9
2024-10-09,16.3,45.8,05:30:00,23:10:00,Miércoles,False,False,False,False,False,3. Temporal Fuerte,3547531,988876,773273,967095,306027.1,224587.9,530614.9
2024-10-10,25.6,1.9,05:30:00,23:10:00,Jueves,False,False,False,False,False,1. Lluvia Leve,5694163,1272451,1020535,1200902,431499.5,297601.3,729100.8
2024-10-11,22.2,0.0,05:30:00,01:00:00,Viernes,False,True,False,False,False,1. Lluvia Leve,2890942,617545,472587,575699,180369.1,213160.4,393529.6
2024-10-12,16.8,8.1,05:30:00,01:00:00,Sábado,True,False,True,False,False,2. Moderada,3000704,633809,499488,600495,161066.5,200847.7,361914.2
2024-10-13,21.4,6.4,05:30:00,22:00:00,Domingo,False,False,True,False,False,1. Lluvia Leve,2976656,605112,481379,582037,185681.0,206445.6,392126.7
2024-10-14,19.6,8.5,05:30:00,23:10:00,Lunes,False,False,False,False,False,2. Moderada,5866320,1316854,1039032,1266047,374039.9,285711.6,659751.5
2024-10-15,18.7,0.0,05:30:00,23:10:00,Martes,False,False,False,False,False,0. Sin Lluvia,5254790,1328403,1046229,1268377,422179.0,325892.6,748071.7
2024-10-16,20.4,0.0,05:30:00,23:10:00,Miércoles,False,False,False,False,False,0. Sin Lluvia,5322964,1343022,1074930,1268942,416142.8,332888.5,749031.3
2024-10-17,18.2,0.0,05:30:00,23:10:00,Jueves,False,False,False,False,False,0. Sin Lluvia,5482852,1296418,1003360,1234018,443378.4,297977.6,741356.0
2024-10-18,18.7,0.0,05:30:00,01:00:00,Viernes,False,False,False,False,False,0. Sin Lluvia,5247660,1227851,988584,1164715,435136.1,344307.7,779443.7
2024-10-19,20.5,7.5,05:30:00,01:00:00,Sábado,False,False,True,False,False,2. Moderada,3134024,647522,502750,615042,168891.3,172029.6,340920.9
2024-10-20,24.2,0.0,05:30:00,22:00:00,Domingo,False,False,True,False,False,0. Sin Lluvia,2677119,570425,444809,540293,166347.3,212032.2,378379.5
2024-10-21,18.8,0.0,05:30:00,23:10:00,Lunes,False,False,False,False,False,0. Sin Lluvia,5061221,1167410,907865,1118916,406570.6,340561.2,747131.7
2024-10-22,16.6,0.0,05:30:00,23:10:00,Martes,False,False,False,False,False,0. Sin Lluvia,5455088,1217672,941043,1167934,434727.7,315721.5,750449.2
2024-10-23,11.9,0.0,05:30:00,23:10:00,Miércoles,False,False,False,False,False,0. Sin Lluvia,5050903,1256661,992748,1171857,425856.8,315153.0,741009.7
2024-10-24,23.9,0.0,05:30:00,23:10:00,Jueves,False,False,False,False,False,2. Moderada,5806973,1499669,1255166,1428097,357365.0,301915.3,659280.2
2024-10-25,17.2,0.0,05:30:00,01:00:00,Viernes,False,False,False,False,False,0. Sin Lluvia,5296040,1353767,1057608,1316779,382100.0,347000.1,729100.1
2024-10-26,19.6,4.4,05:30:00,01:00:00,Sábado,False,False,True,False,False,1. Lluvia Leve,2911797,617065,499302,592384,180639.6,195974.3,376613.9
2024-10-27,23.7,0.0,05:30:00,22:00:00,Domingo,False,False,True,False,False,0. Sin Lluvia,2773965,574949,441786,543261,174690.3,196929.4,371619.7
2024-10-28,18.7,2.2,05:30:00,23:10:00,Lunes,False,False,False,False,True,1. Lluvia Leve,3412886,834929,651794,802393,484951.1,377012.7,861963.8
2024-10-29,17.4,21.5,05:30:00,23:10:00,Martes,False,False,False,False,False,2. Moderada,6153649,1311300,1072861,1268167,399563.1,269590.8,669153.9
2024-10-30,22.3,0.0,05:30:00,23:10:00,Miércoles,False,False,False,False,False,0. Sin Lluvia,5393496,1292508,978159,1224142,445470.4,331982.1,777452.4
2024-10-31,19.4,10.1,05:30:00,23:10:00,Jueves,False,False,False,False,False,2. Moderada,5830577,1433176,1094037,1381371,372112.8,284812.1,656924.9
2024-11-01,14.8,0.0,05:30:00,01:00:00,Viernes,False,False,False,False,False,0. Sin Lluvia,5184874,1201901,944077,1127466,419337.5,314461.0,733798.5
2024-11-02,8.4,0.0,05:30:00,01:00:00,Sábado,False,False,True,False,False,0. Sin Lluvia,2733090,568636,450304,538612,183842.1,214355.1,398197.2
2024-11-03,16.6,29.4,05:30:00,22:00:00,Domingo,False,False,True,False,False,3. Temporal Fuerte,2092245,465354,361004,437686,128118.8,140827.7,268946.4
2024-11-04,14.1,0.0,05:30:00,23:10:00,Lunes,False,False,False,False,False,0. Sin Lluvia,5123971,1312248,1035025,1268946,421232.5,329911.4,751143.9
2024-11-05,8.9,0.0,05:30:00,23:10:00,Martes,False,False,False,False,False,0. Sin Lluvia,4953999,1348263,1046343,1274364,436315.0,301374.1,737689.1
2024-11-06,14.5,22.3,05:30:00,23:10:00,Miércoles,False,False,False,False,False,2. Moderada,5944177,1246130,980145,1165350,373776.8,306486.4,680263.2
2024-11-07,6.8,0.0,05:30:00,23:10:00,Jueves,False,False,False,False,False,0. Sin Lluvia,5514702,1387939,1015007,1301984,388412.8,323359.1,711771.9
2024-11-08,20.0,9.1,05:30:00,01:00:00,Viernes,False,False,False,False,False,2. Moderada,5562139,1414895,1073402,1339011,419563.8,291218.1,710781.9
2024-11-09,9.7,0.0,05:30:00,01:00:00,Sábado,False,False,True,False,False,0. Sin Lluvia,2900060,538631,422332,514221,194687.7,206487.8,401175.5
2024-11-10,17.8,10.2,05:30:00,22:00:00,Domingo,False,False,True,False,False,3. Temporal Fuerte,2180786,415075,331782,398450,122119.5,134373.4,256492.8
2024-11-11,10.6,15.0,05:30:00,23:10:00,Lunes,False,False,False,False,False,2. Moderada,5808650,1291980,1048920,1248198,389590.1,294163.9,683754.0
2024-11-12,14.7,0.0,05:30:00,23:10:00,Martes,False,False,False,False,False,1. Lluvia Leve,5232849,1401622,1075466,1294777,428649.1,306324.6,734973.7
2024-11-13,10.3,43.3,05:30:00,23:10:00,Miércoles,False,False,False,False,False,3. Temporal Fuerte,3858620,936838,759218,916479,305506.6,208633.0,514139.6
2024-11-14,16.0,0.0,05:30:00,23:10:00,Jueves,False,False,False,False,False,0. Sin Lluvia,5619102,1237123,954813,1164956,430435.0,307428.9,737863.9
2024-11-15,12.3,39.7,05:30:00,01:00:00,Viernes,False,False,False,False,False,3. Temporal Fuerte,3934020,954730,742184,908489,292018.1,221250.5,513268.6
2024-11-16,14.4,0.0,05:30:00,01:00:00,Sábado,False,False,True,False,False,0. Sin Lluvia,2935615,602091,470302,556567,200688.9,199027.6,399716.5
2024-11-17,13.0,0.0,05:30:00,22:00:00,Domingo,False,False,True,False,False,0. Sin Lluvia,2913146,569875,441411,537529,186789.2,180519.2,367308.4
2024-11-18,8.9,0.0,05:30:00,23:10:00,Lunes,True,False,False,False,False,0. Sin Lluvia,2775751,522580,418404,504731,180006.5,216341.9,396348.4
2024-11-19,14.5,1.6,05:30:00,23:10:00,Martes,False,False,False,False,False,1. Lluvia Leve,5361650,1371148,1056501,1272403,426039.3,306489.9,732529.2
2024-11-20,11.5,0.0,05:30:00,23:10:00,Miércoles,False,False,False,False,False,0. Sin Lluvia,5410838,1211074,947034,1175588,422940.0,282070.5,705010.5
2024-11-21,16.1,14.9,05:30:00,23:10:00,Jueves,False,False,False,False,False,2. Moderada,5954420,1259058,1003110,1193286,394049.3,324076.2,718125.5
2024-11-22,12.3,16.8,05:30:00,01:00:00,Viernes,False,False,False,False,False,2. Moderada,6020181,1522296,1165545,1448599,391240.9,311018.4,702259.3
2024-11-23,12.8,16.1,05:30:00,01:00:00,Sábado,False,False,True,False,False,3. Temporal Fuerte,2026892,433830,339633,414313,132600.3,141254.2,273854.5
2024-11-24,18.0,0.0,05:30:00,22:00:00,Domingo,False,False,True,False,False,0. Sin Lluvia,2925302,564952,424267,536845,175809.1,196739.7,372548.8
2024-11-25,20.1,2.9,05:30:00,23:10:00,Lunes,False,False,False,False,False,1. Lluvia Leve,5762021,1303631,1060668,1235696,378818.7,315057.2,693875.9
2024-11-26,15.4,0.0,05:30:00,23:10:00,Martes,False,False,False,False,False,0. Sin Lluvia,5130159,1389414,1097254,1300153,451317.7,321629.3,772947.0
2024-11-27,12.1,0.0,05:30:00,23:10:00,Miércoles,False,False,False,False,False,0. Sin Lluvia,5659125,1509211,1219707,1387513,426409.9,327064.7,753474.6
2024-11-28,11.9,0.0,05:30:00,23:10:00,Jueves,False,False,False,False,False,0. Sin Lluvia,5692098,1291882,1051493,1253412,437421.5,305089.9,742511.5
2024-11-29,10.5,0.0,05:30:00,01:00:00,Viernes,False,False,False,False,False,0. Sin Lluvia,5903286,1203292,928651,1176890,384159.2,335965.8,720125.0
2024-11-30,11.1,15.7,05:30:00,01:00:00,Sábado,False,False,True,False,False,2. Moderada,3135716,617074,487544,575277,179220.7,184575.7,363796.4
2024-12-01,8.5,2.8,05:30:00,22:00:00,Domingo,False,False,True,False,False,1. Lluvia Leve,2991434,598863,459716,566039,174729.6,206126.9,380856.5
2024-12-02,15.2,0.0,05:30:00,23:10:00,Lunes,False,False,False,False,False,0. Sin Lluvia,5520371,1155118,912130,1074981,404338.8,305867.4,710206.2
2024-12-03,8.7,0.0,05:30:00,23:10:00,Martes,False,False,False,False,False,0. Sin Lluvia,5514572,1308980,996329,1242954,420021.3,360769.7,780791.0
2024-12-04,5.7,0.0,05:30:00,23:10:00,Miércoles,False,False,False,False,False,0. Sin Lluvia,5585253,1331041,1000419,1258086,400784.6,329692.2,730476.7
2024-12-05,9.5,0.0,05:30:00,23:10:00,Jueves,False,False,False,False,False,0. Sin Lluvia,5512510,1341961,1034222,1299552,421387.3,364588.8,785976.1
2024-12-06,9.9,44.2,05:30:00,01:00:00,Viernes,False,False,False,False,False,3. Temporal Fuerte,3885526,1030913,789827,968388,293009.1,232294.5,525303.7
2024-12-07,9.4,0.0,05:30:00,01:00:00,Sábado,False,False,True,False,False,0. Sin Lluvia,3019176,564490,437360,546088,194856.0,199833.5,394689.4
2024-12-08,11.7,0.0,05:30:00,22:00:00,Domingo,True,False,True,False,False,0. Sin Lluvia,2755354,603834,462489,581695,199062.7,214148.9,413211.5
2024-12-09,9.5,0.0,05:30:00,23:10:00,Lunes,False,False,False,False,False,0. Sin Lluvia,5347849,1412539,1148480,1352504,452785.9,333091.9,785877.9
2024-12-10,11.6,10.4,05:30:00,23:10:00,Martes,False,False,False,False,False,2. Moderada,6135996,1395683,1116069,1346574,343948.6,298737.9,642686.5
2024-12-11,7.0,28.9,05:30:00,23:10:00,Miércoles,False,False,False,False,False,3. Temporal Fuerte,3708420,988600,774038,944223,281338.0,230187.0,511525.0
2024-12-12,14.7,13.8,05:30:00,23:10:00,Jueves,False,False,False,False,True,2. Moderada,3371516,774962,622495,729990,429753.1,380602.2,810355.3
2024-12-13,10.1,0.9,05:30:00,01:00:00,Viernes,False,False,False,False,False,1. Lluvia Leve,5656776,1243375,972215,1168732,384632.1,293910.0,678542.2
2024-12-14,10.5,4.3,05:30:00,01:00:00,Sábado,False,False,True,False,False,1. Lluvia Leve,3013232,568703,433105,539513,173761.6,188924.4,362685.9
2024-12-15,7.0,0.0,05:30:00,22:00:00,Domingo,False,False,True,False,False,0. Sin Lluvia,2779504,561607,416844,517025,188964.3,197567.0,386531.3
2024-12-16,10.8,31.4,05:30:00,23:10:00,Lunes,False,False,False,False,False,3. Temporal Fuerte,3840187,908294,699607,866828,287580.5,224666.1,512246.6
2024-12-17,11.3,16.5,05:30:00,23:10:00,Martes,False,False,False,False,False,2. Moderada,5505115,1418863,1134618,1337269,378533.8,290153.6,668687.4
2024-12-18,5.8,1.9,05:30:00,23:10:00,Miércoles,False,False,False,False,False,1. Lluvia Leve,5727094,1313780,996102,1226951,412925.0,294307.6,707232.7
2024-12-19,4.4,17.7,05:30:00,23:10:00,Jueves,False,False,False,False,False,2. Moderada,5719792,1496283,1170922,1402933,354971.1,304851.5,659822.5
2024-12-20,10.2,17.9,05:30:00,01:00:00,Viernes,False,False,False,False,False,2. Moderada,6193706,1386839,1099786,1310915,371898.9,297651.8,669550.7
2024-12-21,7.9,0.0,05:30:00,01:00:00,Sábado,False,False,True,False,False,1. Lluvia Leve,2977778,529674,408998,500433,175170.2,201347.0,376517.1
2024-12-22,10.1,58.0,05:30:00,22:00:00,Domingo,False,False,True,False,False,3. Temporal Fuerte,2085316,425275,335906,403227,128374.4,142237.7,270612.0
2024-12-23,5.5,11.7,05:30:00,23:10:00,Lunes,False,False,False,False,False,3. Temporal Fuerte,3857866,949611,762035,927224,296558.0,219143.1,515701.1
2024-12-24,4.7,4.8,05:30:00,23:10:00,Martes,False,False,False,False,False,1. Lluvia Leve,5459742,1271633,1006421,1217310,440120.7,296526.4,736647.0
2024-12-25,10.0,6.6,05:30:00,23:10:00,Miércoles,True,False,False,False,False,1. Lluvia Leve,2982259,596156,476358,569457,187915.7,209048.9,396964.5
2024-12-26,8.3,0.0,05:30:00,23:10:00,Jueves,False,False,False,False,False,0. Sin Lluvia,5891906,1218078,930116,1149911,405894.0,307945.8,713839.8
2024-12-27,3.0,0.0,05:30:00,01:00:00,Viernes,False,False,False,False,False,1. Lluvia Leve,5440168,1354286,1066409,1291985,404149.5,312863.7,717013.3
2024-12-28,13.4,0.0,05:30:00,01:00:00,Sábado,False,False,True,False,False,0. Sin Lluvia,2847977,634024,481741,611121,182302.4,223065.3,405367.7
2024-12-29,5.4,7.0,05:30:00,22:00:00,Domingo,False,False,True,False,False,1. Lluvia Leve,2977839,537071,400654,508177,175186.8,196469.1,371655.9
2024-12-30,17.1,32.5,05:30:00,23:10:00,Lunes,False,False,False,False,True,3. Temporal Fuerte,2448041,568012,439493,541266,374517.5,292784.5,667302.1
2024-12-31,7.5,2.4,05:30:00,23:10:00,Martes,False,False,False,False,True,1. Lluvia Leve,3121869,778599,612035,721135,464424.8,398160.1,862584.9
